<?xml version="1.0" encoding="UTF-8"?>
<project-private xmlns="http://www.netbeans.org/ns/project-private/1">
    <editor-bookmarks xmlns="http://www.netbeans.org/ns/editor-bookmarks/2" lastBookmarkId="0"/>
    <open-files xmlns="http://www.netbeans.org/ns/projectui-open-files/2">
        <group>
            <file>file:/C:/Users/Radhesh/Desktop/Cab%20Sharing%20Patch/1edit-20191026T180150Z-001/1edit/CabBooking/src/cabbooking/Addmoney1.java</file>
            <file>file:/C:/Users/Radhesh/Desktop/Cab%20Sharing%20Patch/1edit-20191026T180150Z-001/1edit/CabBooking/src/cabbooking/dbm.java</file>
        </group>
    </open-files>
</project-private>
